{
    "theorem_prover": {
        "milp": {
            "time": 2.559115760959685,
            "acc": 0.8220316269096757,
            "exp": 0.32,
            "cost": 37.0
        },
        "default": {
            "time": 1.7336823199875653,
            "acc": 0.8147949611364246,
            "exp": 0.32,
            "cost": 37.0
        }
    },
    "california_census": {
        "milp": {
            "time": 4.216974596958607,
            "acc": 0.6385494330965721,
            "exp": 0.12,
            "cost": 23.0
        },
        "default": {
            "time": 4.136704377015121,
            "acc": 0.6385494330965721,
            "exp": 0.12,
            "cost": 23.0
        }
    },
    "Iris3": {
        "milp": {
            "time": 13.769049650989473,
            "acc": 0.6042915368017262,
            "exp": 0.12,
            "cost": 56.0
        },
        "default": {
            "time": 17.145685971016064,
            "acc": 0.6042915368017262,
            "exp": 0.12,
            "cost": 56.0
        }
    },
    "Banknote3": {
        "milp": {
            "time": 12.473372137988918,
            "acc": 0.7728768124771537,
            "exp": 0.12,
            "cost": 53.0
        },
        "default": {
            "time": 23.521312592027243,
            "acc": 0.7728768124771537,
            "exp": 0.12,
            "cost": 53.0
        }
    },
    "ICML/AutoTaxi": {
        "milp": {
            "time": 26.760754349990748,
            "acc": 0.869289240655121,
            "exp": 0.12,
            "cost": 62.0
        },
        "default": {
            "time": 203.94852201198228,
            "acc": 0.5522294491027349,
            "exp": 0.12,
            "cost": 62.0
        }
    },
    "Adult3_1": {
        "milp": {
            "time": 14.91118416399695,
            "acc": 0.7379907530757778,
            "exp": 0.12,
            "cost": 76.0
        },
        "default": {
            "time": 98.38570570002776,
            "acc": 0.49733563200376146,
            "exp": 0.12,
            "cost": 76.0
        }
    },
    "loan_acquisition": {
        "milp": {
            "time": 67.98628050397383,
            "acc": 0.6845160448734673,
            "exp": 0.17,
            "cost": 58.0
        },
        "default": {
            "time": 47.20397482800763,
            "acc": 0.6845160448734673,
            "exp": 0.17,
            "cost": 58.0
        }
    },
    "Adult3": {},
    "Banknote4": {},
    "Iris": {}
}