{
    "Adult3": {
        "time": 0.7503554821014404,
        "acc": 0.745827498770011,
        "exp": 1.0,
        "cost": 6716.000000000003,
        "corR": 19707,
        "expR": 26423
    },
    "Adult3_1": {
        "time": 0.733116626739502,
        "acc": 0.7330146540239794,
        "exp": 1.0,
        "cost": 6814.000000000002,
        "corR": 18708,
        "expR": 25522
    },
    "Banknote3": {
        "time": 0.5713143348693848,
        "acc": 0.7916006660980464,
        "exp": 1.0,
        "cost": 5131.000000000001,
        "corR": 19490,
        "expR": 24621
    },
    "Banknote4": {
        "time": 0.6060636043548584,
        "acc": 0.7880250456561441,
        "exp": 1.0,
        "cost": 6500.000000000002,
        "corR": 24164,
        "expR": 30664
    },
    "ICML/AutoTaxi": {
        "time": 0.6304821968078613,
        "acc": 0.9,
        "exp": 1.0,
        "cost": 10.000000000000009,
        "corR": 90,
        "expR": 100
    },
    "Iris": {
        "time": 0.630441427230835,
        "acc": 0.729536218796362,
        "exp": 1.0,
        "cost": 8386.000000000004,
        "corR": 22620,
        "expR": 31006
    },
    "Iris3": {
        "time": 0.5969758033752441,
        "acc": 0.4376648285782786,
        "exp": 1.0,
        "cost": 14072.999999999996,
        "corR": 10953,
        "expR": 25026
    },
    "california_census": {
        "time": 1.1801486015319824,
        "acc": 0.85,
        "exp": 1.0,
        "cost": 14.999999999999991,
        "corR": 85,
        "expR": 100
    },
    "loan_acquisition": {
        "time": 1.2744221687316895,
        "acc": 0.8,
        "exp": 1.0,
        "cost": 19.999999999999996,
        "corR": 80,
        "expR": 100
    },
    "theorem_prover": {
        "time": 1.180384874343872,
        "acc": 0.83,
        "exp": 1.0,
        "cost": 16.999999999999993,
        "corR": 83,
        "expR": 100
    }
}