{
    "Adult3": {
        "time": 0.7449779510498047,
        "acc": 0.745827498770011,
        "exp": 1.0,
        "cost": 6716.000000000003,
        "corR": 19707,
        "expR": 26423
    },
    "Adult3_1": {
        "time": 0.7348330020904541,
        "acc": 0.7330146540239794,
        "exp": 1.0,
        "cost": 6814.000000000002,
        "corR": 18708,
        "expR": 25522
    },
    "Banknote3": {
        "time": 0.587954044342041,
        "acc": 0.7916006660980464,
        "exp": 1.0,
        "cost": 5131.000000000001,
        "corR": 19490,
        "expR": 24621
    },
    "Banknote4": {
        "time": 0.6017453670501709,
        "acc": 0.7880250456561441,
        "exp": 1.0,
        "cost": 6500.000000000002,
        "corR": 24164,
        "expR": 30664
    },
    "ICML/AutoTaxi": {
        "time": 0.6531484127044678,
        "acc": 0.92,
        "exp": 1.0,
        "cost": 8.000000000000007,
        "corR": 92,
        "expR": 100
    },
    "Iris": {
        "time": 0.640317440032959,
        "acc": 0.729536218796362,
        "exp": 1.0,
        "cost": 8386.000000000004,
        "corR": 22620,
        "expR": 31006
    },
    "Iris3": {
        "time": 0.5789031982421875,
        "acc": 0.4376648285782786,
        "exp": 1.0,
        "cost": 14072.999999999996,
        "corR": 10953,
        "expR": 25026
    },
    "california_census": {
        "time": 1.1969327926635742,
        "acc": 0.82,
        "exp": 1.0,
        "cost": 18.000000000000014,
        "corR": 82,
        "expR": 100
    },
    "loan_acquisition": {
        "time": 1.2589588165283203,
        "acc": 0.89,
        "exp": 1.0,
        "cost": 10.999999999999988,
        "corR": 89,
        "expR": 100
    },
    "theorem_prover": {
        "time": 1.1878995895385742,
        "acc": 0.88,
        "exp": 1.0,
        "cost": 12.00000000000001,
        "corR": 88,
        "expR": 100
    }
}